{
    "install": "messages/message.md",
    "1.1.0": "messages/changelog.md",
    "1.2.0": "messages/changelog.md",
    "1.2.1": "messages/changelog.md",
    "1.2.2": "messages/changelog.md",
    "1.3": "messages/changelog.md",
    "1.3.1": "messages/changelog.md",
    "1.4.0": "messages/1.4.0.md",
    "1.4.1": "messages/1.4.1.md",
    "1.4.2": "messages/1.4.2.md",
    "1.4.7": "messages/1.4.7.md",
    "1.4.8": "messages/1.4.8.md",
    "1.4.10": "messages/1.4.10.md",
    "2.0.0": "messages/2.0.0.md"
}